Workbook

Sheet 1-Registro
A1: REGISTRO DE RIESGOS | IEEE 16085:2021 + PMBOK® 7ª Ed. | Ingeniería de Software – UMG
A2: Proyecto: [Sistema web de apuestas] | Versión: 1.0 | Fecha: [28/03/2026] | Responsable: [Grupo 2]
A3: ID | B3: Categoría | C3: Tipo | D3: Descripción del Riesgo | E3: Probabilidad (P: 1-5) | F3: Impacto (I: 1-5) | G3: Exposición E=P×I | H3: Nivel | I3: Estrategia | J3: Acción de Respuesta | K3: Responsable | L3: Fecha Límite | M3: Estado | N3: Notas
A4: R-001 | B4: TEC | C4: Negativo | D4: Los requisitos del sistema cambian frecuentemente durante el desarrollo. | E4: 4 | F4: 4 | G4: =IF(E4="","",E4*F4) -> 16 | H4: =IF(G4="","",IF(G4>=15,"CRÍTICO",IF(G4>=8,"ALTO",IF(G4>=4,"MEDIO","BAJO")))) -> CRÍTICO | I4: MITIGAR | J4: Establecer proceso formal de control de cambios. Congelar baseline de requisitos por sprint. | K4: Gerente de Proyecto | L4: Jun 2026 | M4: Activo | N4: Riesgo prioritario
A5: R-002 | B5: TEC | C5: Negativo | D5: Incompatibilidad entre módulos front-end, back-end y base de datos. | E5: 3 | F5: 4 | G5: =IF(E5="","",E5*F5) -> 12 | H5: =IF(G5="","",IF(G5>=15,"CRÍTICO",IF(G5>=8,"ALTO",IF(G5>=4,"MEDIO","BAJO")))) -> ALTO | I5: EVITAR | J5: Realizar prueba de concepto (PoC) de integración antes de comprometer la arquitectura final. | K5: Arquitecto de Software | L5: May 2026 | M5: Activo
A6: R-003 | B6: TEC | C6: Negativo | D6: El cálculo automático de puntos tras ingresar resultados genera duplicación de puntos por doble ejecución. | E6: 3 | F6: 5 | G6: =IF(E6="","",E6*F6) -> 15 | H6: =IF(G6="","",IF(G6>=15,"CRÍTICO",IF(G6>=8,"ALTO",IF(G6>=4,"MEDIO","BAJO")))) -> CRÍTICO | I6: MITIGAR | J6: Implementar bloqueo de idempotencia (RN-29, RN-36). Agregar pruebas de regresión para el proceso de cierre. | K6: Líder Técnico Ejecutante | L6: May 2026 | M6: Activo | N6: Alineado a RN-29 y RN-36
A7: R-004 | B7: TEC | C7: Negativo | D7: La plataforma no escala ante el pico de usuarios durante partidos simultáneos del mundial. | E7: 4 | F7: 4 | G7: =IF(E7="","",E7*F7) -> 16 | H7: =IF(G7="","",IF(G7>=15,"CRÍTICO",IF(G7>=8,"ALTO",IF(G7>=4,"MEDIO","BAJO")))) -> CRÍTICO | I7: MITIGAR | J7: Definir arquitectura escalable (auto-scaling). Realizar pruebas de carga con herramientas como JMeter. | K7: Arquitecto de Software | L7: Jun 2026 | M7: Activo | N7: 48 partidos pueden ser simultáneos en fase de grupos
A8: R-005 | B8: TEC | C8: Negativo | D8: Vulnerabilidad de seguridad permite que un usuario manipule vaticinios de otro o acceda a resultados antes de tiempo. | E8: 2 | F8: 5 | G8: =IF(E8="","",E8*F8) -> 10 | H8: =IF(G8="","",IF(G8>=15,"CRÍTICO",IF(G8>=8,"ALTO",IF(G8>=4,"MEDIO","BAJO")))) -> ALTO | I8: MITIGAR | J8: Implementar autenticación JWT, validación server-side de permisos y auditoría de logs. Pruebas de penetración. | K8: Líder Técnico Ejecutante | L8: Jun 2026 | M8: Activo | N8: Riesgo de integridad del sistema de apuestas
A9: R-006 | B9: TEC | C9: Negativo | D9: La base de datos no maneja correctamente la separación de puntos por liga (RN-15), mezclando datos entre ligas. | E9: 2 | F9: 5 | G9: =IF(E9="","",E9*F9) -> 10 | H9: =IF(G9="","",IF(G9>=15,"CRÍTICO",IF(G9>=8,"ALTO",IF(G9>=4,"MEDIO","BAJO")))) -> ALTO | I9: EVITAR | J9: Diseñar esquema de BD con clave compuesta usuario+liga. Pruebas de aislamiento de datos por liga. | K9: Diseñador de Base de Datos / Arquitecto de Software | L9: May 2026 | M9: Activo | N9: Alineado a RN-15
A10: R-007 | B10: GES | C10: Negativo | D10: Estimación de esfuerzo incorrecta genera retrasos en el cronograma de entrega. | E10: 3 | F10: 4 | G10: =IF(E10="","",E10*F10) -> 12 | H10: =IF(G10="","",IF(G10>=15,"CRÍTICO",IF(G10>=8,"ALTO",IF(G10>=4,"MEDIO","BAJO")))) -> ALTO | I10: MITIGAR | J10: Usar técnica PERT para estimaciones. Añadir buffer del 20% al cronograma general del proyecto. | K10: Gerente de Proyecto | L10: May 2026 | M10: Activo
A11: R-008 | B11: GES | C11: Negativo | D11: Falta de disponibilidad del cliente para validar historias de usuario y criterios de aceptación. | E11: 3 | F11: 3 | G11: =IF(E11="","",E11*F11) -> 9 | H11: =IF(G11="","",IF(G11>=15,"CRÍTICO",IF(G11>=8,"ALTO",IF(G11>=4,"MEDIO","BAJO")))) -> ALTO | I11: MITIGAR | J11: Establecer calendario fijo de reuniones de validación. Usar asincrónico como respaldo (correo/formulario). | K11: Gerente de Proyecto | L11: Continuo | M11: Activo
A12: R-009 | B12: GES | C12: Negativo | D12: El alcance del proyecto crece sin control (scope creep) por solicitudes fuera de las HU definidas. | E12: 4 | F12: 3 | G12: =IF(E12="","",E12*F12) -> 12 | H12: =IF(G12="","",IF(G12>=15,"CRÍTICO",IF(G12>=8,"ALTO",IF(G12>=4,"MEDIO","BAJO")))) -> ALTO | I12: MITIGAR | J12: Gestionar formalmente cambios de alcance. Congelar las 28 HU v2.0 como baseline aprobado. | K12: Gerente de Proyecto | L12: Continuo | M12: Activo
A13: R-010 | B13: GES | C13: Negativo | D13: Un miembro clave del equipo abandona el proyecto durante el desarrollo. | E13: 2 | F13: 4 | G13: =IF(E13="","",E13*F13) -> 8 | H13: =IF(G13="","",IF(G13>=15,"CRÍTICO",IF(G13>=8,"ALTO",IF(G13>=4,"MEDIO","BAJO")))) -> ALTO | I13: MITIGAR | J13: Documentar conocimiento técnico. Asignar un desarrollador de respaldo por cada área funcional. | K13: Gerente de Proyecto | L13: Continuo | M13: En monitoreo
A14: R-011 | B14: GES | C14: Negativo | D14: El equipo no tiene experiencia previa con la metodología híbrida seleccionada. | E14: 2 | F14: 3 | G14: =IF(E14="","",E14*F14) -> 6 | H14: =IF(G14="","",IF(G14>=15,"CRÍTICO",IF(G14>=8,"ALTO",IF(G14>=4,"MEDIO","BAJO")))) -> MEDIO | I14: MITIGAR | J14: Realizar sesión de capacitación antes del inicio. Designar Scrum Master con experiencia en metodología. | K14: Gerente de Proyecto | L14: May 2026 | M14: Activo
A15: R-012 | B15: GES | C15: Negativo | D15: Falta de comunicación entre el equipo de desarrollo y el equipo de QA genera defectos tardíos. | E15: 3 | F15: 3 | G15: =IF(E15="","",E15*F15) -> 9 | H15: =IF(G15="","",IF(G15>=15,"CRÍTICO",IF(G15>=8,"ALTO",IF(G15>=4,"MEDIO","BAJO")))) -> ALTO | I15: MITIGAR | J15: Integrar QA desde el inicio del sprint. Realizar revisiones de código cruzadas (code review). | K15: Gerente de Proyecto | L15: Continuo | M15: Activo
A16: R-013 | B16: CAL | C16: Negativo | D16: Falta de pruebas automatizadas genera defectos críticos en el módulo de cálculo de premios. | E16: 3 | F16: 5 | G16: =IF(E16="","",E16*F16) -> 15 | H16: =IF(G16="","",IF(G16>=15,"CRÍTICO",IF(G16>=8,"ALTO",IF(G16>=4,"MEDIO","BAJO")))) -> CRÍTICO | I16: MITIGAR | J16: Establecer cobertura mínima del 90% en el módulo de premios. Implementar pipeline CI/CD con pruebas obligatorias. | K16: QA Tester | L16: Jun 2026 | M16: Activo | N16: El cálculo de premios es el módulo de mayor riesgo financiero
A17: R-014 | B17: CAL | C17: Negativo | D17: Los criterios de aceptación de las HU no son suficientemente claros para que QA pueda generar casos de prueba. | E17: 2 | F17: 3 | G17: =IF(E17="","",E17*F17) -> 6 | H17: =IF(G17="","",IF(G17>=15,"CRÍTICO",IF(G17>=8,"ALTO",IF(G17>=4,"MEDIO","BAJO")))) -> MEDIO | I17: MITIGAR | J17: Realizar sesión de refinamiento de CA con todo el equipo antes de cada sprint. Usar el Documento 8 como base. | K17: QA Tester / Analista de Negocio | L17: May 2026 | M17: Activo
A18: R-015 | B18: CAL | C18: Negativo | D18: La lógica de empates en distribución de premios (RN-22 a RN-25) es implementada incorrectamente. | E18: 3 | F18: 5 | G18: =IF(E18="","",E18*F18) -> 15 | H18: =IF(G18="","",IF(G18>=15,"CRÍTICO",IF(G18>=8,"ALTO",IF(G18>=4,"MEDIO","BAJO")))) -> CRÍTICO | I18: MITIGAR | J18: Crear suite de pruebas unitarias específica para cada escenario de empate definido en las RN. | K18: Líder Técnico Ejecutante / QA Tester | L18: Jun 2026 | M18: Activo | N18: Alineado a RN-22, RN-23, RN-24, RN-25
A19: R-016 | B19: CAL | C19: Negativo | D19: El sistema no bloquea correctamente la modificación de resultados ya procesados (RN-32). | E19: 2 | F19: 4 | G19: =IF(E19="","",E19*F19) -> 8 | H19: =IF(G19="","",IF(G19>=15,"CRÍTICO",IF(G19>=8,"ALTO",IF(G19>=4,"MEDIO","BAJO")))) -> ALTO | I19: MITIGAR | J19: Implementar pruebas de regresión específicas para RN-32. Auditoría de intentos de modificación en logs. | K19: QA Tester / Líder Técnico Ejecutante | L19: Jun 2026 | M19: Activo | N19: Alineado a RN-32
A20: R-017 | B20: REQ | C20: Negativo | D20: Las reglas de distribución del premio global (1%) son ambiguas o mal interpretadas por el equipo. | E20: 3 | F20: 4 | G20: =IF(E20="","",E20*F20) -> 12 | H20: =IF(G20="","",IF(G20>=15,"CRÍTICO",IF(G20>=8,"ALTO",IF(G20>=4,"MEDIO","BAJO")))) -> ALTO | I20: MITIGAR | J20: Realizar sesión de validación de RN-19, RN-26, RN-39 y RN-40 con el cliente antes de implementar. | K20: Analista de Negocio / Gerente de Proyecto | L20: May 2026 | M20: Activo | N20: Alineado a RN-19, RN-26, RN-39, RN-40
A21: R-018 | B21: REQ | C21: Negativo | D21: Los horarios oficiales de partidos del Mundial 2026 cambian después de ser cargados en el sistema. | E21: 4 | F21: 3 | G21: =IF(E21="","",E21*F21) -> 12 | H21: =IF(G21="","",IF(G21>=15,"CRÍTICO",IF(G21>=8,"ALTO",IF(G21>=4,"MEDIO","BAJO")))) -> ALTO | I21: MITIGAR | J21: Implementar proceso de actualización de horarios con recalculo automático del límite de vaticinio (RN-30). | K21: Analista de Procesos | L21: Jun 2026 | M21: Activo | N21: Alineado a RN-30
A22: R-019 | B22: REQ | C22: Negativo | D22: Un usuario encuentra una forma de registrar más de un vaticinio por partido en la misma liga (RN-07). | E22: 2 | F22: 4 | G22: =IF(E22="","",E22*F22) -> 8 | H22: =IF(G22="","",IF(G22>=15,"CRÍTICO",IF(G22>=8,"ALTO",IF(G22>=4,"MEDIO","BAJO")))) -> ALTO | I22: MITIGAR | J22: Validar unicidad vaticinio-usuario-liga-partido en back-end. No depender solo de validación de UI. | K22: Líder Técnico Ejecutante | L22: Jun 2026 | M22: Activo | N22: Alineado a RN-07
A23: R-020 | B23: REQ | C23: Negativo | D23: El cierre automático del mundial (HU-028) no se ejecuta correctamente al detectar el último partido. | E23: 2 | F23: 5 | G23: =IF(E23="","",E23*F23) -> 10 | H23: =IF(G23="","",IF(G23>=15,"CRÍTICO",IF(G23>=8,"ALTO",IF(G23>=4,"MEDIO","BAJO")))) -> ALTO | I23: MITIGAR | J23: Implementar proceso de cierre con verificación manual como respaldo. Alertas automáticas al administrador. | K23: Líder Técnico Ejecutante | L23: Jul 2026 | M23: Activo | N23: Alineado a RN-38
A24: R-021 | B24: REQ | C24: Negativo | D24: El sistema permite crear ligas de apuesta con precio cero o negativo (RN-08, RN-31). | E24: 2 | F24: 3 | G24: =IF(E24="","",E24*F24) -> 6 | H24: =IF(G24="","",IF(G24>=15,"CRÍTICO",IF(G24>=8,"ALTO",IF(G24>=4,"MEDIO","BAJO")))) -> MEDIO | I24: EVITAR | J24: Agregar validación server-side que rechace precio <= 0 en ligas de apuesta. Prueba específica de frontera. | K24: Líder Técnico Ejecutante | L24: May 2026 | M24: Activo | N24: Alineado a RN-08, RN-31
A25: R-022 | B25: ORG | C25: Negativo | D25: El equipo no entrega los documentos en los plazos establecidos. | E25: 3 | F25: 4 | G25: =IF(E25="","",E25*F25) -> 12 | H25: =IF(G25="","",IF(G25>=15,"CRÍTICO",IF(G25>=8,"ALTO",IF(G25>=4,"MEDIO","BAJO")))) -> ALTO | I25: MITIGAR | J25: Establecer fechas internas de entrega con 3 días de anticipación a la fecha oficial. Asignar responsable por documento. | K25: Gerente de Proyecto | L25: Continuo | M25: Activo
A26: R-023 | B26: ORG | C26: Negativo | D26: Conflictos internos del equipo afectan la productividad y la calidad de las entregas. | E26: 2 | F26: 3 | G26: =IF(E26="","",E26*F26) -> 6 | H26: =IF(G26="","",IF(G26>=15,"CRÍTICO",IF(G26>=8,"ALTO",IF(G26>=4,"MEDIO","BAJO")))) -> MEDIO | I26: MITIGAR | J26: Definir roles y responsabilidades claras desde el inicio. Establecer protocolo de resolución de conflictos. | K26: Gerente de Proyecto | L26: Continuo | M26: En monitoreo
A27: R-024 | B27: ORG | C27: Negativo | D27: Falta de infraestructura de desarrollo (servidores, licencias, accesos) retrasa el inicio del proyecto. | E27: 2 | F27: 3 | G27: =IF(E27="","",E27*F27) -> 6 | H27: =IF(G27="","",IF(G27>=15,"CRÍTICO",IF(G27>=8,"ALTO",IF(G27>=4,"MEDIO","BAJO")))) -> MEDIO | I27: MITIGAR | J27: Levantar entorno de desarrollo en la primera semana. Usar herramientas gratuitas o de código abierto como respaldo. | K27: Gerente de Proyecto | L27: May 2026 | M27: Activo
A28: R-025 | B28: EXT | C28: Negativo | D28: La FIFA cambia el formato del torneo o la cantidad de equipos clasificados antes del inicio. | E28: 1 | F28: 5 | G28: =IF(E28="","",E28*F28) -> 5 | H28: =IF(G28="","",IF(G28>=15,"CRÍTICO",IF(G28>=8,"ALTO",IF(G28>=4,"MEDIO","BAJO")))) -> MEDIO | I28: ACEPTAR | J28: Monitorear comunicados oficiales FIFA. El diseño modular permite ajustar cantidad de grupos/equipos. | K28: Analista de Negocio | L28: Continuo | M28: En monitoreo | N28: Riesgo externo no controlable
A29: R-026 | B29: EXT | C29: Negativo | D29: Servicio de correo electrónico de terceros (invitaciones, notificaciones) presenta interrupciones. | E29: 2 | F29: 3 | G29: =IF(E29="","",E29*F29) -> 6 | H29: =IF(G29="","",IF(G29>=15,"CRÍTICO",IF(G29>=8,"ALTO",IF(G29>=4,"MEDIO","BAJO")))) -> MEDIO | I29: TRANSFERIR | J29: Definir SLA con proveedor. Implementar sistema de reintento automático (retry logic) para emails fallidos. | K29: Líder Técnico Ejecutante | L29: Jun 2026 | M29: Activo
A30: R-027 | B30: EXT | C30: Negativo | D30: Corte de energía o fallo de internet durante ingreso de resultados deja el sistema en estado inconsistente. | E30: 2 | F30: 4 | G30: =IF(E30="","",E30*F30) -> 8 | H30: =IF(G30="","",IF(G30>=15,"CRÍTICO",IF(G30>=8,"ALTO",IF(G30>=4,"MEDIO","BAJO")))) -> ALTO | I30: MITIGAR | J30: Implementar transacciones atómicas en BD. Proceso de recuperación ante fallos con rollback automático. | K30: Diseñador de Base de Datos / Líder Técnico Ejecutante | L30: Jun 2026 | M30: Activo
A31: R-028 | B31: TEC | C31: Positivo (Oportunidad) | D31: Reutilización de componentes existentes (auth, email) reduce el esfuerzo de desarrollo estimado. | E31: 3 | F31: 3 | G31: =IF(E31="","",E31*F31) -> 9 | H31: =IF(G31="","",IF(G31>=15,"CRÍTICO",IF(G31>=8,"ALTO",IF(G31>=4,"MEDIO","BAJO")))) -> ALTO | I31: EXPLOTAR | J31: Catalogar librerías y componentes reutilizables al inicio del proyecto. Asignar sprint de setup de arquitectura base. | K31: Arquitecto de Software | L31: May 2026 | M31: Activo | N31: Oportunidad de ahorro de tiempo
A32: R-029 | B32: GES | C32: Positivo (Oportunidad) | D32: El uso de una metodología híbrida aumenta la flexibilidad para adaptarse a cambios del cliente. | E32: 3 | F32: 3 | G32: =IF(E32="","",E32*F32) -> 9 | H32: =IF(G32="","",IF(G32>=15,"CRÍTICO",IF(G32>=8,"ALTO",IF(G32>=4,"MEDIO","BAJO")))) -> ALTO | I32: EXPLOTAR | J32: Mantener backlogs actualizados y realizar retrospectivas por sprint para aprovechar la agilidad del equipo. | K32: Gerente de Proyecto | L32: Continuo | M32: Activo | N32: Oportunidad
A33: R-030 | B33: EXT | C33: Positivo (Oportunidad) | D33: La popularidad del Mundial 2026 genera alta demanda orgánica de usuarios, validando el producto con usuarios reales. | E33: 4 | F33: 4 | G33: =IF(E33="","",E33*F33) -> 16 | H33: =IF(G33="","",IF(G33>=15,"CRÍTICO",IF(G33>=8,"ALTO",IF(G33>=4,"MEDIO","BAJO")))) -> CRÍTICO | I33: EXPLOTAR | J33: Publicar versión beta antes del inicio del torneo. Recopilar feedback de usuarios reales para mejoras rápidas. | K33: Gerente de Proyecto | L33: Jun 2026 | M33: Activo | N33: Oportunidad de validación real

Sheet 2-Matriz P×I
A1: MATRIZ DE PROBABILIDAD × IMPACTO (5×5)
A2: Ingeniería de Software – UMG | E = P × I | CRÍTICO ≥15 | ALTO 8-14 | MEDIO 4-7 | BAJO 1-3
B3: ↓ IMPACTO | C3: 1 Insig. | D3: 2 Menor | E3: 3 Moderado | F3: 4 Mayor | G3: 5 Catas.
A4: PROBABILIDAD → | B4: 5 – Muy Alta | C4: E=5 MEDIO | D4: E=10 ALTO | E4: E=15 CRÍTICO | F4: E=20 CRÍTICO | G4: E=25 CRÍTICO
B5: 4 – Alta | C5: E=4 MEDIO | D5: E=8 ALTO | E5: E=12 ALTO | F5: E=16 CRÍTICO | G5: E=20 CRÍTICO
B6: 3 – Media | C6: E=3 BAJO | D6: E=6 MEDIO | E6: E=9 ALTO | F6: E=12 ALTO | G6: E=15 CRÍTICO
B7: 2 – Baja | C7: E=2 BAJO | D7: E=4 BAJO | E7: E=6 MEDIO | F7: E=8 ALTO | G7: E=10 ALTO
B8: 1 – Muy Baja | C8: E=1 BAJO | D8: E=2 BAJO | E8: E=3 BAJO | F8: E=4 MEDIO | G8: E=5 MEDIO
B11: LEYENDA
B12: CRÍTICO (E ≥ 15) | D12: ALTO (E 8–14) | F12: MEDIO (E 4–7) | H12: BAJO (E 1–3)
B14: POSICIÓN DE RIESGOS IDENTIFICADOS
B15: ID Riesgo | C15: Probabilidad (P) | D15: Impacto (I) | E15: Exposición (E) | F15: Nivel | G15: Posición Matriz
B16: R-001 | C16: 4 | D16: 4 | E16: =C16*D16 -> 16 | F16: CRÍTICO | G16: P4 × I4
B17: R-002 | C17: 3 | D17: 4 | E17: =C17*D17 -> 12 | F17: ALTO | G17: P3 × I4
B18: R-003 | C18: 3 | D18: 3 | E18: =C18*D18 -> 9 | F18: ALTO | G18: P3 × I3
B19: R-004 | C19: 2 | D19: 4 | E19: =C19*D19 -> 8 | F19: ALTO | G19: P2 × I4
B20: R-005 | C20: 3 | D20: 3 | E20: =C20*D20 -> 9 | F20: ALTO | G20: P3 × I3
B21: R-006 | C21: 2 | D21: 3 | E21: =C21*D21 -> 6 | F21: MEDIO | G21: P2 × I3
B22: R-007 | C22: 3 | D22: 2 | E22: =C22*D22 -> 6 | F22: MEDIO | G22: P3 × I2
B23: R-008 | C23: 3 | D23: 2 | E23: =C23*D23 -> 6 | F23: MEDIO | G23: P3 × I2 (OPT.)

Sheet 3-Dashboard
A1: DASHBOARD DE GESTIÓN DE RIESGOS
A3: TOTAL RIESGOS | B3: CRÍTICOS | C3: ALTOS | D3: MEDIOS | E3: BAJOS | F3: ACTIVOS
A4: =COUNTA('1-Registro'!A4:A15) -> 12 | B4: =COUNTIF('1-Registro'!H4:H33,"CRÍTICO") -> 6 | C4: =COUNTIF('1-Registro'!H4:H33,"ALTO") -> 17 | D4: =COUNTIF('1-Registro'!H4:H33,"MEDIO") -> 7 | E4: =COUNTIF('1-Registro'!H4:H33,"BAJO") -> 0 | F4: =COUNTIF('1-Registro'!M4:M33,"Activo") -> 27
A7: DISTRIBUCIÓN POR CATEGORÍA
A8: Categoría | B8: Descripción | C8: Total | D8: Activos | E8: % del Total
A9: TEC | B9: Técnico | C9: =COUNTIF('1-Registro'!B4:B33,"TEC") -> 7 | D9: =COUNTIFS('1-Registro'!B4:B33,"TEC",'1-Registro'!M4:M33,"Activo") -> 7 | E9: =IF(COUNTA('1-Registro'!A4:A15)=0,0,C9/COUNTA('1-Registro'!A4:A15)) -> 0.58333333
A10: GES | B10: Gestión | C10: =COUNTIF('1-Registro'!B4:B33,"GES") -> 7 | D10: =COUNTIFS('1-Registro'!B4:B33,"GES",'1-Registro'!M4:M33,"Activo") -> 6 | E10: =IF(COUNTA('1-Registro'!A4:A15)=0,0,C10/COUNTA('1-Registro'!A4:A15)) -> 0.58333333
A11: ORG | B11: Organizacional | C11: =COUNTIF('1-Registro'!B4:B33,"ORG") -> 3 | D11: =COUNTIFS('1-Registro'!B4:B33,"ORG",'1-Registro'!M4:M33,"Activo") -> 2 | E11: =IF(COUNTA('1-Registro'!A4:A15)=0,0,C11/COUNTA('1-Registro'!A4:A15)) -> 0.25
A12: EXT | B12: Externo | C12: =COUNTIF('1-Registro'!B4:B33,"EXT") -> 4 | D12: =COUNTIFS('1-Registro'!B4:B33,"EXT",'1-Registro'!M4:M33,"Activo") -> 3 | E12: =IF(COUNTA('1-Registro'!A4:A15)=0,0,C12/COUNTA('1-Registro'!A4:A15)) -> 0.33333333
A13: REQ | B13: Requerimientos | C13: =COUNTIF('1-Registro'!B4:B33,"REQ") -> 5 | D13: =COUNTIFS('1-Registro'!B4:B33,"REQ",'1-Registro'!M4:M33,"Activo") -> 5 | E13: =IF(COUNTA('1-Registro'!A4:A15)=0,0,C13/COUNTA('1-Registro'!A4:A15)) -> 0.41666667
A14: CAL | B14: Calidad | C14: =COUNTIF('1-Registro'!B4:B33,"CAL") -> 4 | D14: =COUNTIFS('1-Registro'!B4:B33,"CAL",'1-Registro'!M4:M33,"Activo") -> 4 | E14: =IF(COUNTA('1-Registro'!A4:A15)=0,0,C14/COUNTA('1-Registro'!A4:A15)) -> 0.33333333
A16: DISTRIBUCIÓN POR NIVEL DE RIESGO
A17: Nivel | B17: Rango E | C17: Cantidad | D17: % Total | E17: Acción Requerida
A18: CRÍTICO | B18: E ≥ 15 | C18: =COUNTIF('1-Registro'!H4:H33,"CRÍTICO") -> 6 | D18: =C18/COUNTA('1-Registro'!A4:A15) -> 0.5 | E18: Escalar. Plan de acción inmediato.
A19: ALTO | B19: E 8–14 | C19: =COUNTIF('1-Registro'!H4:H33,"ALTO") -> 17 | D19: =C19/COUNTA('1-Registro'!A4:A15) -> 1.4166667 | E19: Plan de respuesta definido.
A20: MEDIO | B20: E 4–7 | C20: =COUNTIF('1-Registro'!H4:H33,"MEDIO") -> 7 | D20: =C20/COUNTA('1-Registro'!A4:A15) -> 0.58333333 | E20: Mitigar y monitorear.
A21: BAJO | B21: E 1–3 | C21: =COUNTIF('1-Registro'!H4:H33,"BAJO") -> 0 | D21: =C21/COUNTA('1-Registro'!A4:A15) -> 0 | E21: Aceptar y monitorear periódicamente.

Sheet 4-Instrucciones
A1: GUÍA DE USO – MATRIZ DE RIESGOS
A3: OBJETIVO | B3: Esta plantilla implementa el proceso de gestión de riesgos definido en IEEE 16085:2021 y PMBOK® 7ª Edición para proyectos de desarrollo de software.
A4: HOJA 1-Registro | B4: Ingrese cada riesgo en una fila. Los campos con listas desplegables son: Categoría, Tipo, Estrategia y Estado. Los campos E (Exposición) y Nivel se calculan automáticamente con fórmulas. No modifique las columnas G y H.
A5: Categorías (RBS) | B5: TEC=Técnico | GES=Gestión | ORG=Organizacional | EXT=Externo | REQ=Requerimientos | CAL=Calidad. Use la RBS como guía sistemática para identificar riesgos en cada categoría.
A6: Escala P e I | B6: Tanto Probabilidad como Impacto se ingresan en escala del 1 al 5. 1=Muy Bajo/Insignificante 2=Bajo/Menor 3=Medio/Moderado 4=Alto/Mayor 5=Muy Alto/Catastrófico
A7: Niveles de Exposición | B7: E = P × I. Niveles: BAJO (1-3) | MEDIO (4-7) | ALTO (8-14) | CRÍTICO (≥15). El formato condicional colorea automáticamente la celda según el nivel.
A8: HOJA 2-Matriz P×I | B8: Visualiza la posición de cada riesgo en la matriz de calor 5×5. Referencia cruzada con los IDs de la hoja 1-Registro.
A9: HOJA 3-Dashboard | B9: Muestra KPIs y distribución automática. Se actualiza al modificar la hoja 1-Registro. NO requiere edición manual.
A10: Añadir Riesgos | B10: Ingrese nuevos riesgos en las filas en blanco (R-009 en adelante). Las fórmulas de E y Nivel se copian automáticamente. El Dashboard se actualiza al guardar.
A11: Buenas Prácticas | B11: • Revisar y actualizar el registro semanalmente. • Escalar riesgos CRÍTICOS al Gerente de Proyecto inmediatamente. • Cambiar el estado a 'Cerrado' cuando el riesgo ya no aplica. • Documentar evidencia en la columna 'Notas'.
A12: Referencia Normativa | B12: IEEE 16085:2021 – ISO/IEC/IEEE Standard for Systems and Software Engineering – Life Cycle Processes – Risk Management. PMBOK® Guide 7ª Ed. – Project Management Institute (PMI).
